"category","sub_category","total_sales","total_profit","avg_profit"
"Technology","Copiers","299056.02","111235.80","817.91"
"Technology","Phones","660014.20","89032.50","50.07"
"Technology","Accessories","334760.62","83873.56","54.11"
"Office Supplies","Paper","156958.48","68106.68","24.86"
"Office Supplies","Binders","406825.54","60443.28","19.84"
"Furniture","Chairs","656898.26","53180.30","43.10"
"Office Supplies","Storage","447687.18","42558.10","25.15"
"Office Supplies","Appliances","215064.28","36276.14","38.92"
"Furniture","Furnishings","183410.24","26118.50","13.65"
"Office Supplies","Envelopes","32952.76","13928.20","27.42"
"Office Supplies","Art","54237.60","13055.92","8.20"
"Office Supplies","Labels","24972.60","11092.36","15.24"
"Technology","Machines","378477.36","6769.46","29.43"
"Office Supplies","Fasteners","6048.50","1899.06","4.38"
"Office Supplies","Supplies","93347.04","-2377.98","-6.26"
"Furniture","Bookcases","229760.10","-6945.12","-15.23"
"Furniture","Tables","413931.36","-35451.18","-55.57"
