"order_month","monthly_sales","monthly_profit"
"2017-12-01 00:00:00","167658.62","16966.80"
"2017-11-01 00:00:00","236895.62","19380.20"
"2017-10-01 00:00:00","155553.92","18550.76"
"2017-09-01 00:00:00","175733.32","21983.14"
"2017-08-01 00:00:00","126241.70","18082.18"
"2017-07-01 00:00:00","90528.86","13905.20"
"2017-06-01 00:00:00","105963.46","16446.84"
"2017-05-01 00:00:00","88522.16","12685.40"
"2017-04-01 00:00:00","73043.04","1866.60"
"2017-03-01 00:00:00","117744.70","29503.74"
"2017-02-01 00:00:00","40602.24","3227.78"
"2017-01-01 00:00:00","87942.74","14280.90"
"2016-12-01 00:00:00","193998.14","35770.56"
"2016-11-01 00:00:00","158824.06","8022.90"
"2016-10-01 00:00:00","119375.60","32486.44"
"2016-09-01 00:00:00","146820.18","18657.36"
"2016-08-01 00:00:00","62230.70","4124.10"
"2016-07-01 00:00:00","78523.98","8865.80"
"2016-06-01 00:00:00","80689.08","9500.66"
"2016-05-01 00:00:00","113975.50","17324.18"
"2016-04-01 00:00:00","77500.08","5955.76"
"2016-03-01 00:00:00","103431.72","7223.96"
"2016-02-01 00:00:00","45957.64","10009.18"
"2016-01-01 00:00:00","37085.04","5649.64"
"2015-12-01 00:00:00","149839.04","16033.92"
"2015-11-01 00:00:00","151945.02","24949.60"
"2015-10-01 00:00:00","62809.80","5634.74"
"2015-09-01 00:00:00","129191.74","16418.34"
"2015-08-01 00:00:00","73796.64","10711.64"
"2015-07-01 00:00:00","57530.64","6577.42"
"2015-06-01 00:00:00","49594.62","6671.12"
"2015-05-01 00:00:00","60263.44","9335.66"
"2015-04-01 00:00:00","68390.50","8375.06"
"2015-03-01 00:00:00","77452.52","19464.14"
"2015-02-01 00:00:00","23902.80","5627.68"
"2015-01-01 00:00:00","36348.16","-6561.94"
"2014-12-01 00:00:00","139091.28","17967.18"
"2014-11-01 00:00:00","157257.48","18584.30"
"2014-10-01 00:00:00","62906.74","6896.46"
"2014-09-01 00:00:00","163554.68","16656.16"
"2014-08-01 00:00:00","55818.94","10636.22"
"2014-07-01 00:00:00","67892.74","-1682.92"
"2014-06-01 00:00:00","69190.28","9953.12"
"2014-05-01 00:00:00","47296.56","5477.48"
"2014-04-01 00:00:00","56590.70","6977.72"
"2014-03-01 00:00:00","111382.08","997.44"
"2014-02-01 00:00:00","9039.84","1724.60"
"2014-01-01 00:00:00","28473.80","4900.36"
