"product_name","short_name","total_revenue"
"Canon imageCLASS 2200 Advanced Copier","imageCLASS 2200","123199.66"
"Fellowes PB500 Electric Punch Plastic Comb Binding Machine with Manual Bind","PB500 Binding","54906.76"
"Cisco TelePresence System EX90 Videoconferencing Unit","Cisco TelePresence System","45276.96"
"HON 5400 Series Task Chairs for Big and Tall","HON 5400 Chairs","43741.14"
"GBC DocuBind TL300 Electric Binding System","DocuBind TL300","39646.96"
"GBC Ibimaster 500 Manual ProClick Binding System","Ibimaster 500","38049.00"
"Hewlett Packard LaserJet 3310 Copier","LaserJet 3310","37679.36"
"HP Designjet T520 Inkjet Large Format Printer - 24"" Color","Designjet T520","36749.80"
"GBC DocuBind P400 Electric Binding System","DocuBind P400","35930.14"
"High Speed Automatic Electric Letter Opener","Letter Opener","34060.62"
